,username,note,sentiment,date
8477,sammyjoestrella,No kickboxing classes today  pretty bummed. Still going to work out hard. http://myloc.me/1ZT0,fear,30/01/2022
1566,AlexiaRamirez,"Well I did run over a cat today (I know how sad) I cried and screamed my lungs out!!! I felt HORRIBLE, poor thing",fear,11/01/2022
8569,nessie_111,some1 said if your not online your a no1...if you are online your a no1.. can't bloody win  lol,fear,18/03/2022
39386,nicolax89,actually loves nesquik cereal,love,10/04/2022
32761,LatifaAlMansoui,Halla Miss Haloom  .. how are you dear? am doing fine so far but .. eeem worrying about rationale project.. Allah eyaseer inshallah,fear,29/03/2022
26240,tiffakneehigh,Bon Voyage birthday Brother @ Mccarran! cyah again vegas in july. havent slept yet &amp; class @ 1  .. such a fun weekend,surprise,10/03/2022
2838,GoldCoastGirl,@ErikVeland i'm not in the best financial situation myself at the moment. i'm beyond broke. my money is spend as soon as i earn it atm,neutral,08/05/2022
7328,Natalie_1990,"didnt enjoy having to say goodbye to alex, v emotional times  but the sun is making me happy !",sadness,09/03/2022
35081,snakelady,"@discombob Yeah, she's done it several times. My Dumerils boa did it a few times w/ no prob. Just wonder if my hognose needs bigger food.",fear,12/02/2022
2171,gem_quack_quack,starting to wonder if I'm going to get this job... came across as though i'd find work elsewhere if needs must... not intentionally,neutral,24/04/2022
35827,Ray_Anthony,@whoariley riley hacked my twitter!  hahaha :],neutral,12/03/2022
4284,Jennyh021,just got off work.... working night shift at the hospital 12 hrs a day is starting to get to me...,sadness,07/04/2022
30814,erin_welch,Helping with &quot;kiddie church&quot; tomorrow! Yay little guys!!,surprise,01/03/2022
24132,jellybeansoup,@greggrunberg Just discovered your 'Band from TV'... you guys are really good! Love the music,love,23/03/2022
15157,blackHeart21Red,Excellent the Suzaku 7 are back together  woop last episode  hope its a happy one i'm a sucker for these really lol shh,happy,23/03/2022
32176,redtogray,"long, fun day  now for some relaxation. some TV with the mom, then sleeeep",happy,23/02/2022
30857,bexmith,"@etniqminerals it shocked D &amp; I, too!  Puts things in a whole new, empowering, light... now doesn't it?",surprise,02/05/2022
37100,diyagirl,http://twitpic.com/4wqfv - dark berry mocha frapp.. heaven.. TRY IT EVERYONE!!  here.. let me pass it to you,surprise,06/03/2022
27379,abby320,excited about this week! trying to have a productive monday. trying. hard.,surprise,14/04/2022
30253,LadyHhugs,@ericviolette hi eric I hope your having a beautiful Saturday,neutral,05/01/2022
31047,ayesiobhan,"today was alot of fun. i love my family ,sammy hernandez and caitlin hughes.  goodnight!",fear,04/05/2022
4436,andi_lynn,I think i need some new friends,sadness,22/02/2022
28090,locklund,"@emmaemelie haha thanx.. now, twitter is a lot more public at YBC than i presumed",surprise,11/03/2022
34851,mariathemuse,@elizrn Your Welcome,neutral,23/01/2022
7636,kelseymartinez1,here again in school bored wanting  2 go home,neutral,19/04/2022
38244,Mielo19,Listening 'Hallelujah' on Youtube. Leonard Cohen wins.  #xfactor,neutral,01/03/2022
14771,alexisnoel,Well it's official I have strep,sadness,10/05/2022
13612,EthicalAtheist,You can't even gift money away these days.  re: http://ff.im/3lqUx,sadness,03/01/2022
6765,poketh,@francecino its alright babes &gt;&lt; boo. im gonna leave agaiiiiin,surprise,19/03/2022
14121,drerae,@NikkiCrivello i've got really bad arthritus in my left hand. I cant use my thumb at all,fear,07/04/2022
22649,LaciesMom,Hannah slept here last night  just gave her her 5:00 AM bottle and she went right back to sleep but I'm up! lol,neutral,26/04/2022
37879,janiferrr,actual updateee...sleeeping soon. watching the lion kinggg.,neutral,13/01/2022
17680,sweetdream4,"oy, im such a nerd..im writin 2 no1 cuz no1 is followin me  i mean lik sum1 was but their account was deleted due to &quot;strange activities&quot;",sadness,22/04/2022
1545,snukembears,I am down  I need my snuggles but he is at work and he don't like to snuggle  ironic huh...,fear,15/01/2022
21824,neonsplat,"morning, how is everone? sing to me  You tuck me in, Turn out the light, kept me safe and sound at night. (8)",neutral,20/02/2022
18518,c0ldasfire,lost some $ at work....nt happy right now    --SLOANSTER--,sadness,17/01/2022
23826,mayschool,"@loisheilig I always told my kids that I see and hear everything so mind your manors, so I guess that proved it to him.",neutral,01/05/2022
16155,tuckisuha,Oh..I'm so borin'.. why not play the computer?? My mom's say: because your makin' task..!!,sadness,14/04/2022
5250,iLoveLutz,Oh my poop. Stupid Twitter won't let me put up a new picture.,sadness,26/04/2022
22381,mitchcooper,@kristarella If you're flying to NZ www.hot.co.nz is a great way to get results in aggregate.,love,03/03/2022
23027,marvivian,@pandemicz yes,neutral,05/02/2022
17879,WiseHermit,Doesnt't want to get up,fear,09/04/2022
26379,NicolePRexec,Working on a PR plan. Then it is on to awards.,fear,18/04/2022
33259,MissReichow,@andycane wow.... really?!? is this necessary??,fear,19/02/2022
13261,larule82,I wish I was laying in the sand listening to the waves crash against the shore!!!,sadness,19/04/2022
23446,Kenny_nz,"@nerissa02 Yeah, a few peeps. It should be a good day to catchup with everyone",neutral,23/01/2022
7695,AStephenson724,"so bored at work, its ridiculous, and my Saturday is going to suck with class in the morning",sadness,06/02/2022
32775,amber9482,Had an awesome pedicure today!!,happy,12/01/2022
37615,sharajacinto,"Just came back from my first city rooftop party  Man, even when you're next to THE New Yorker Bldg, it still gets pretty windy up there.",surprise,08/01/2022
34801,stacefarmface,@ikonora Have a great night!,happy,08/05/2022
22608,Jessg85,oh that was good cake,surprise,22/02/2022
28048,Irv25,Good Morning twitters!!! I am soooo tired...I really need 2 stay off of twitter...LOL this shit is taking over my life...LOL,sadness,29/01/2022
5425,PlayRadioPlay,My mom just texted me and told me that Rodney was chasing fireflies in their backyard. Awwwww I'm miss him    http://twitpic.com/66pn1,surprise,24/02/2022
21715,Benoit_Dupont,@EmmanuelGadenne  then maybe you should think of spending christmass there too,neutral,01/03/2022
30135,jadewoods03,Watching superbad with brit,happy,19/01/2022
32518,a7x111,@accidbrrittanny lol hey,neutral,28/04/2022
32844,franznicolee,HAPPY MOTHER`S DAY!,love,16/04/2022
32412,HOTMAMA15,HAPPY MOTHER DAY TO ALL THE MOTHER'S IN THE ENTIRE WORLD WE DESERVED A DAY JUST FOR US RIGHT...,sadness,04/03/2022
5781,audioboo,Geoff posted a boo: Coming Home From Tenerife Boo  http://boo.fm/b25651,neutral,08/03/2022
8307,sorcha69,@ChrisEfs i tryed that the other day but they werent giving up what they were using!,sadness,10/04/2022
4044,Lesmy,@fosforo  shame on me!!!,fear,28/02/2022
37359,WinnieBoyGenius,time to play,neutral,02/04/2022
18938,AmberForSleep,"My mom has annoyed the living crap outta me, so now we're on AOL Radio, looking for Brooks &amp; Dunn.",fear,11/03/2022
13067,JoeyTripiness,headache  wanna see my Julie,surprise,26/01/2022
4949,Jaelynnnn,ughhhhhhhhhhhh  :/,fear,27/03/2022
13165,Corey_Kelly03,People who would rather watch a movie then go outside fail at life,neutral,18/01/2022
37302,XGraceStAcKX,about to have some cake for my sister's birthday,happy,15/04/2022
32573,WhirlwindMuse,"@lazakesau &quot;Graverobber, graverobber, sometimes I wonder why I even bother..&quot; Have fun tonight!",surprise,10/02/2022
28133,kunzangj,found rollo! and got happy  hmmm.. guess i really do need to be inserted back into the matrix 0_o,happy,01/04/2022
5308,felicialieto,Its a gorgeous day and I'm going to work allll day  Just gotta keep telling myself its for NYC!!,sadness,21/03/2022
15102,kuraihime,So my lucky jade nacklace/matching earrings ain't so lucky. Lost an earring. Now the chain broke on pendant,sadness,02/02/2022
20483,isabologna,@jasonhoun Haha of course! That's my favorite album of all time,happy,30/01/2022
15731,love_fool,@h011yw00d no  are you for sure going?,neutral,26/01/2022
34697,matsrg,@natalietran I did really like that http://tinyurl.com/c63mhr reminds  a little of my favor hfw,happy,15/01/2022
23454,SerenityLove,"@BenKasica Iowa is like that sometimes, it gets frustrating.",sadness,24/04/2022
27212,CiaaoAmore,"i am confident, but i still have my moments baby that's just me  - La La Land - Demi Lovato",neutral,18/01/2022
6025,IetJee16,@Lipstick_kiss I can't find it on YouTube   only the concert versions....HELP!!!,fear,29/04/2022
38428,ryanmwilson,im home!  Dinner with mum was delicious and nice  had a good time. Happy Mothers Day to all mums,love,02/03/2022
33957,__TereBleu,@justinbrighten happy birthday justin! have a lof of fun!!! God bless,love,10/05/2022
4293,imafanatic,@JonathanRKnight   Delays/cancellations really bite. Have had my fair share and can sympathize. Hang tough!,neutral,08/03/2022
17258,Cooley_Cakes,"@WonderlandDream I can't, I have an exam on wednesday",fear,25/01/2022
7518,bubbly_sandra,: why is it so cold!?!?!,sadness,11/04/2022
8711,samstokes,"@NeilDavidson happened about three weeks ago. Why, is there a serial card fraudster on the loose?",happy,08/05/2022
25244,ldsanchez,Buying my first mac,love,10/03/2022
35931,JacobG018,Morning People!  Just woke up now!,happy,17/01/2022
35050,caserfam,happy mother's day!,surprise,08/02/2022
35130,PurpleZoe,@polyzzz Goodnight and sweet dreams to you also,love,24/04/2022
24260,antidote,@chelsea_anstee i hope! its in expo! that would be amazing. im trying so hard to make perfection so it is.,happy,13/02/2022
31184,pacomontoya,Editing all the photos I took at my brothers soccer game. He's got a lot of work to do as a coach.,neutral,13/03/2022
13320,Kimli,"@KulpreetSingh Good god, no. You can fit very few swear words into 140 characters",surprise,03/02/2022
10132,cartrouble,melissa_leah: my car wont start.......,sadness,10/05/2022
13144,iyalauren,reyt fancies a valentinos. Worst of times considering i can't have any,sadness,12/02/2022
27947,fabrice_allard,@kouzrah etherreal WAS my main preoccupation. Now it's EtherREAL's preoccupation... humm... me ? schizophrenic ?,fear,13/04/2022
12899,maryani,@brunamedeiros heeeeey baby ? where are you?,happy,11/02/2022
21555,Yanuhh,will deplurk too. buhbyeee  http://plurk.com/p/rp3ir,happy,27/04/2022
26780,dreey92,I really want to be a star...Hope Flawless will work,happy,03/03/2022
8603,catherinegordon,@flashlight Hah! Just wait till you turn 40,sadness,26/02/2022
32336,vrivera135,"Home finally! Im soooo tired and kinda lonely now, blah but w.e I'll cuddle in some blankets and watch a movie by myself  sounds good. Lol",happy,06/02/2022
23772,lesley007,@PaulHarriott Hahaha!! Tv isn't really my thing anyway..I more of a music girl,happy,28/01/2022
27514,MelBoBellanie,Good morning baby. Wake up,neutral,05/05/2022
16665,shona_elizabeth,"Waiting for Danny to text me back,,,  xoxo",sadness,11/04/2022
8926,mlane,"@JeffSays yeah, precisely what I was thinking",fear,04/03/2022
28970,tiarapurnomo,"@Pranajama I've never been to Prague, but if i had the money, it'll be in the 10 first cities I visit",happy,31/01/2022
9689,_Anix_,@axm9237 I'll have to wait for the YouTube links,happy,17/01/2022
10446,christyrae7,Want to hang out with beth and tenaya and their hubbys tonight....but jon wants to hang out with some other people,sadness,02/05/2022
14484,anticipating,I want to change my twitter name but I can't think of anything,fear,17/01/2022
36166,DannysGhirl,@RetroRewind hey dave im just up in the UK and first thing i done was put RR on  could u play ill be there new kids on the block thanks,happy,08/01/2022
7674,mmmmmburgerrrrr,@kimchiwithkraig buy me a taco! haha. i don't want to stand in line,neutral,16/04/2022
19581,eatthedocument,"@BuggysRose  Haha,I just may do that,yo!",happy,20/04/2022
27576,sageeb,@ronenk I'm not in it for the money. I'm in it for the good times.,neutral,22/04/2022
7160,SwannSoirees,"@hjn119 you can crash, you will just have to drive alone  Besides... I can't crash, I gotta work! LOL ;)",fear,01/03/2022
5005,LetsTwatThis,@jaceypants well piss on that. I can't get into their site @ work nor does it come thru on my phone.,sadness,01/02/2022
11869,Wemblore,"I miss my Nipissing pitas  Good thing we've got a Euphoria in Barrie, 'cause I would never survive summer without my pitas AND smoothies!!",sadness,07/04/2022
34039,nursetara88,new phone + zero contacts = poo. send me a message with your name so i can save your numbers thanks,sadness,21/04/2022
31740,cece_newnew,@SohFahrKreyZee oooh im sorry to late i smashed it,fear,25/03/2022
28184,uberbabyboomer,@missrogue wow! that is an *awesome* review; carry it with you everywhere; laminate it; read it when down;just plain cool,happy,12/01/2022
2871,viintagedresses,@Emiily_Kate i know its heaps awesome. if your not working all weekend,sadness,30/03/2022
15693,oohmyG,@RemiRockit sounds like my town,happy,29/04/2022
35796,hielmy,addict to &quot;long time gone&quot;,surprise,22/02/2022
17772,guitarplaya519,@ineska awwww this made me realize I have to take down my bulletin board too!  There's so many memories up there.,surprise,19/02/2022
35511,misstetiana,@gulersem Kazim Kazim  i didn't know that name ))),surprise,09/03/2022
39871,vvyes,@RajaSen Sports Bar Shatranjanpoli Rest Ph 26498457 All Sports Bar Andheri W 26733333 Dont know whether that helps. Google ki jai ho,neutral,20/02/2022
38996,ryankanno,"@abaggy Yeah, I was always embedded staff.  I recognize your name from emails.",neutral,05/02/2022
34405,hellokimmy,"@linnraz home for 4 months  or less. depending on how fast i get bored, hahs.",surprise,21/03/2022
12005,supernova_star,@BookLoveHer I was really disappointed with the whole &quot;promiscuous girl&quot; thing. congrats on her success but i think wasted talent,surprise,02/01/2022
22222,TheSUPERGIRL,"@stayingyoung I usually do if there is choice, but I am lucky in that most foods I love are generally very healthy (except ice cream!!).",happy,04/04/2022
18141,fancynance1,Moving is hard work! This is my last night in the house I grew up in.,fear,28/01/2022
38263,rwdave,"@NovaWildstar Nothing of the sort! Nevertheless, I shall now go out and share my magnificence with the wider world!",happy,19/03/2022
19496,rachelkarhnak,"Coming to the end of a looooong day. Good new is, I got everything done! Bad news- I gotta wake up @ 4:45am tomorrow for work!",fear,26/02/2022
16065,karenthecrasian,my phone died  and i really need to go home to do my recap for @capstreetteam from last night! aiyaiyah! hate running errands,fear,30/04/2022
29102,laurenmcartney,@allthatglitrs21 you mum sounds so humble ! what a sweet thing to ask for,fear,06/02/2022
21728,MauiPixie,@runsenorun that frenchfry-corndog looks so delish! I WANT!!  Welcome back to Seattle!,happy,13/02/2022
38596,celemack,"@kymdotcom in anticipation of him making me a cup of tea, I'm agreeing. Now it must happen!  No, he is awesome.",love,30/04/2022
23404,arlyanagi,"@jeffsonstein Me too, because Monday is end of weekend. But, we cannot escape it, so I wish you have a good week",love,12/03/2022
32240,Itzjon,Tired even though i didn't do much today. glad we got to catch the second half of the cavs game @juicyjesso,neutral,29/01/2022
24865,ITSALIVE95,"wellllll, I did most of my homework. and i kind of finished with editing. And I'm not as tired this morning as I thought I'd be",happy,05/04/2022
28673,Ps8612,@lancegross http://twitpic.com/4vd89 - such a good looking cpl!! can't wait to see what kind of kids y'all will have!,happy,09/02/2022
30103,Wiens111,@khalen it was good. Next time you get oohed you know where to go!,fear,19/03/2022
27820,iamninoy,thanks everyone for praying for President Aquino.  http://plurk.com/p/rreml,fear,23/01/2022
19999,Boddingtons,@Greek4Honeybee oh no...where did your sunshine go?    *hands you a few rays of light...will this help a bit?*   ******hugs******,fear,11/01/2022
21974,Surferdreams,@OfficalJonasBro just watched it on youtube and its hilarious. i laughed trough it.. seriously guys so funny.. greetings from Germany...,surprise,26/01/2022
36476,Trixie75,@CptCswife Thanks!!!!  Happy Mother's day to you too!!,love,24/03/2022
12880,xxnicky,"that little girl on BGT  omggg, how can people not feel sorry for her?",surprise,05/01/2022
32345,JaxRaghibTrail,@m1dnightc1ty I do too!! Sounds interesting,happy,04/01/2022
25897,Cis826,"@Sweet_Cake just  little stomach bug, nothing serious",fear,23/04/2022
37737,modenerd,Good Morning good old Germany - I wanna say hello to New York.  I'm not in love. . .not really.,neutral,17/03/2022
26117,arathos,@Carlkr all the best for your IB exams Carl. I hope you don't find them too difficult and that they go well for you.,love,20/02/2022
1874,toddvic,Oh dear. Travellers moved onto land very near my house. They always leave a bloody mess and council take a year b 4 they clean it up,neutral,20/04/2022
33908,ashleyspassion,is about to make a nice cup of tea and pop some benadryl...long day...stay positive twitterbugs...goodnight!,happy,21/01/2022
38508,smueller94,Happy Mothers Day,love,12/01/2022
27500,jessica_mcnally,apparently im not getting drives to school in the morning anymore? well my dad left so no school for me this morning.. watching twilight,sadness,14/01/2022
10060,bourgie07,IN $RF @3.94 - target $5.30.  OUT $DNDN @$21.85 near days low,sadness,31/01/2022
23998,jasonsalas,"@MicheleCatahay i'd prefer &quot;observationally insightful&quot;, but call it as you see it.  my ice cream's just too fancy tonight.",love,28/03/2022
5,xxxPEACHESxxx,Re-pinging @ghostridah14: why didn't you go to prom? BC my bf didn't like my friends,fear,19/03/2022
25495,Lesliebr25,"if i buy the petit financiers under the guise of a gift for someone else, maybe then i won't feel guilty about eating them.",fear,19/04/2022
18047,IanPaulKid,Gonna miss Thick As Blood next Friday,sadness,13/04/2022
27718,irenezhang,"Rest earlier is good for your health. So, I say good nite to you all!",happy,25/01/2022
28500,SomersetBob,"@Llawen Don't know - pretty, though",surprise,25/02/2022
12702,msexclusice09,Mad because quiz 5 answer on the BET Ford Fusion sweepstakes are all wrong,anger,06/05/2022
31806,LMRB,"@Cynthia2478 he's not gay Lol. He's a riot definitely, but not at nkotb concert. I want 2b a smitten girl with no distractions that night",neutral,22/01/2022
3860,jdmabry,Dangit! I just got my Kiss Album in and it's the wrong color.,sadness,31/01/2022
31082,MatchboxGinny,Signing off. Mom's day tomorrow.,love,22/01/2022
30975,shoe_addict17,Figured out twitter for my phone,happy,07/05/2022
24636,bittysizeterror,is about to go into her last final.  happiness!,love,07/01/2022
32569,YoungCeothaBoss,"To My Moms . I Love u so much , Ur so independent &amp; strong and I hope everything I do in life keeps u happy. Love ur 1st born Mel",love,28/03/2022
2817,MzAmyElizabeth,I want more followers.,neutral,12/03/2022
36404,necolebitchie,"@officialtila if I have 5000 friend requests tomorrow, I'm blaming you  nite",anger,26/03/2022
16174,courtneypscott,Dear On the Boards Theater: You are so loud above my head  stomp stomp ugh,anger,04/02/2022
4733,RonaGal,@Chilosa09 Have fun tomorrow night. I think it will be more fun at a bar than art gallery. Wish I could be there,neutral,19/01/2022
23730,k_20,@fiendfyre Never ever smoking around you again.,sadness,14/01/2022
1330,bigenya,"@overlordtrainee Sigh. It is a sad, lonely profession.",fear,09/04/2022
3264,Koleya_,Layin in bed awake. Txtin my girl in vegas. Wishin I didn't have to work and I was w her,fear,18/02/2022
33110,limbonite,@mellonikan thank you,neutral,21/01/2022
22515,SneakyRaccoon,Having a cup of tea,happy,09/04/2022
6010,amylin822,the commies at their finest: youtube and blogger are blocked in china. no updates from us while we are in china.  but GREAT WALL CONQUERED,fear,03/03/2022
29788,alexwhitman25,@luvinjrandsmoke His beard is addressed in this week's LOLs.,surprise,02/02/2022
31243,EvanZinser,Bioshock is as fantastic as the first time I played it. Now sleep then more Bioshock tomorrow,surprise,09/02/2022
10263,AnnA_LySe,"hurt my arm  can't write, hope it will be over for june the 5th",fear,05/02/2022
35221,xojoejonasox,Goodnight fellow twitters and tj ststas,surprise,16/01/2022
15378,carinayeyy,"aah, i'm tired. haven't chilled a minute today!",sadness,14/02/2022
28123,LMarle,@wude72 @boulderdiaries Thank you!,love,12/01/2022
17409,youulovemee,@divarina21 i dont evn talk 2 him no more. it was a huge mistake. i shoulda listened 2 her. i kno she's disappointed in me.,sadness,05/04/2022
32875,verbumveritatis,Thank you,neutral,05/03/2022
32872,JadeIce,@dbgrady lol that was a great movie,happy,15/03/2022
23774,carissaaanicole,goodmorning everyone,neutral,02/03/2022
29474,ROFan37,My mom just came home and she FINALLY got me a guitar strap! yay!,happy,03/03/2022
9150,danielknibbs,I so hate riding the bus. 1) It's a damn sauna in the summer! 2) Like could it kill the guy a few seats up to shower once a month??,anger,04/05/2022
25623,springtree,@kandeezie would love to see that!,happy,08/03/2022
37562,vocd,everybody needs some time on thier own  Guns N Roses x ? http://blip.fm/~5z5kz,sadness,07/05/2022
26548,ZeigHeilTwitler,Brooklyn!!! We went hard!!! Now back up top!! But 1st Hajji's...yea again  http://tinyurl.com/codla7 http://ti.. http://tinyurl.com/cr8hjs,happy,19/02/2022
27030,Nairtseuqe,Happy Monday everyone! Loving the new arrangement in my family room,love,15/03/2022
13103,dccoulombe,"@masqueradetitan omg! is it mine? omg that's so gross, I'm so sorry! I TOTALLY forgot about it until JUST now!",surprise,18/02/2022
29895,Somecitygirl,@corrykbythebay  Some peoples kids..,neutral,15/01/2022
29491,MotoWilliams,@mpool are you call that winning?,neutral,19/01/2022
6379,geocachingbot,via @cornellfinch: Found #geocache Head's Up! http://coord.info/gc1ret6. Probably my only find of the day.  http://bit.ly/JS3S4,happy,09/04/2022
21629,MichelleMunger,Going to bed after beating the snot out of hubby w/ Texas hold em,love,30/03/2022
6816,leti_rod,@alyssa133 awww i'm sorry  what kind of fish did you have?,sadness,16/04/2022
21421,samstephens,"@kevinriley Heh, thanks for that adorable plug  *cough* more info at: www.samstephens.com *cough* *cough*",happy,09/04/2022
22394,nathannxD,@jaezors my b day is on may 13 but my party is on this sat  come you gays,happy,29/01/2022
30352,PharmaScouts,Women in Science &amp; Technology conference in La Jolla - what an interesting day!  Met some really great people!,happy,16/01/2022
35926,SassyLadYy,@JoeEGO I never 4get bout u .. Your my boyfriend #2... whom I lovesssss down .. Let's chill this week,love,13/03/2022
841,dj_melza,"sososo bummed, like really bummed, i hate this rain, ruin my date...",anger,07/04/2022
23122,Jadeee25,Having a pj dayy.....Doesnt happen veryy often,happy,27/04/2022
24564,rebubba12,@PeteTaylor I miss you too!!,sadness,19/04/2022
26034,Josh_Eaves,"when i decide to be on time for something, that devil is always there to counteract! Frustrating but not discouraging...",sadness,01/03/2022
15392,NinaRampz,@oneofthosefaces all tubes closed on 9th and 10th of june  any idea of how to get to the venue?,neutral,14/02/2022
25271,destiniashlynn,It's Raining!,happy,15/03/2022
2442,ELJmcfly,"@brookedanielle_ it just upsets me , becasue like 6 years we have loved them .. and then this happens  imm really uset now x",sadness,08/03/2022
32272,keokilee,@kellimiura I'll save the celebration until it's sent to my professor. I am proud that I wrote a 15 page paper though,happy,10/05/2022
34023,twokidsonelove,"Oh, and before that last tweet i spent about half an hour on brushing my teeth with my new electric toothbrush! I feel great",love,16/01/2022
38,JanBenn,has work this afternoon,neutral,05/03/2022
33768,Mandyyzz,Kinda meant mother. Im giving props to @tonyabraham for taking us,neutral,23/01/2022
19351,Reuenthal,"god, brera, why is your plot twist going to fucking everything up i can feel it",anger,21/01/2022
15296,Roadking69178,paper work on a friday afternoo,sadness,02/02/2022
17827,markmidwinter,Ok so I've now got a bit of a bad back after lifting all drum hardware into my car   downer.,neutral,19/02/2022
21408,OspreyFlyer,"Sorry for the triple twitter post, was having trouble w/Stocktwits account.  I try not to clutter up the Twittersphere!",neutral,13/04/2022
22651,kellycdb,@hanaames Ah good. Glad to be useful.,happy,17/04/2022
12491,Cherrim,love how dad said he'd be ready to go at like 3:15 and it's now 4pm and I'm still working.,neutral,22/01/2022
22550,pilapil30,@sunshinebliss it was ok. Cute @ times.,love,05/01/2022
30657,EmilyLynneClare,"Hmm...Whilst, walking through the city I received an inviataion into an SUV Limo via some prom fellows... Don't they have dates? Oh boys!",fear,28/01/2022
28572,mbgqueen,im on twitter mobile... confusin!!!! lol im knda slow,neutral,07/01/2022
12387,worldofhiglet,@wilw  I remember those days. I wasn't a big fan of Wesley but I really felt for you as a youngster dealing with all that. But you WON!,neutral,01/01/2022
23977,mr_billiam,@AKAVirtualPA http://twitpic.com/4bckp - that should answer part of your question,neutral,24/03/2022
19141,matthewharris,@renegadepr cool. looking forward. san francisco was really nice. didn't make it out to napa though  maybe next time.,sadness,09/02/2022
21769,rockish_pop,im at school right now,neutral,16/04/2022
16579,xHaleyNicolex,so  im really borde and i dont know what i should do.,fear,02/01/2022
22805,KylieOwen,"@masterballerina yeah, I have revision to do, but gonna go starbucks instead",neutral,23/03/2022
2451,rrrache,trying to understand why WHY i joined twitter.....everyone else was doing it i felt left out,neutral,20/03/2022
9804,samantha_ehm,watching The Uninvited in my room. Can't wait to go home. But I have to go to the Deid first.,fear,27/02/2022
39026,xsmiileyamii,@theclimbx3 i knooow  its the pizza girl episode xD &lt;3,love,03/03/2022
16797,Jessica1567,@mitchelmusso i wish i could call you but it will cost a lot  my parents wont let me,fear,22/03/2022
11165,gabiigarcia,my hair won't turn whiiite,neutral,14/01/2022
35726,velofille,@rowsell you really chose the wrong time of year to do this didnt you,love,11/02/2022
23329,damonvaudrey,@ckanal funny you should say...am filling it out as we speak ;) cheers!,happy,14/03/2022
6884,oneofthosefaces,And my basketball is flat and there was a massive spider in my pavement chalks  Now the sun has gone in. FML.,anger,15/03/2022
27876,NeOBlog,Goooooooood Mornin Tweeps! It's going to be an Awesome Monday - I can already tell... not even 8am and my inbox is clean,surprise,06/02/2022
7689,mochabree,@OGBERRY rain,neutral,22/01/2022
35802,itssimplygee,"haven't twittered in forever. yeah, just had my sixteenth birthday party tonight",love,05/01/2022
4922,Billyhime,I'm going to miss my iMac so much over the next month.,fear,11/02/2022
11209,ellixian,"@theroomstops Urm, ouch, that sucks. You need crutches?  What happened? I hope you get/feel better soonest!",fear,04/04/2022
26399,mickejansson,Hell of a lot to do. But they say you shouldn't complain theese days. Who are &quot;they&quot; and can &quot;they&quot; help me in that case,sadness,05/04/2022
20869,JaneDolezalova,"Heeey, we won ice hockey....we are winners!!",happy,24/03/2022
4306,bekahfischer,has work to go to.,sadness,07/03/2022
21948,Peulo,@Brokenromantic haha malamang as one of my chef.,happy,05/04/2022
26852,kennethlang,@foxandfriends Hope you feel better soon,neutral,01/03/2022
6435,EternalAegis,"Ohhhh man  My mom got a bag of these caramel candy things, they're soooo good. I'm going to get so fat off of them ;__;",happy,06/01/2022
20186,JS040206,Waiting on laundry to finish so I can go HOME. Think I'll do my nails while I wait,fear,17/03/2022
31247,Michey_x33,Going I sleep today was a long day happy mothers day to all the moms out there,happy,06/03/2022
1037,vrodriguez420,just got home after killing a possum,neutral,11/01/2022
38131,ahgareesh,"we're one, but we're not the same, we get to carry each other",neutral,11/03/2022
6228,listendontpanic,Sitting on the decking reading psychology notes with my ipod and my dog. It's far too warm,fear,24/04/2022
12630,jenniferricci,Being followed by compliance.  Great.   Have to watch what I say now.,happy,15/01/2022
15161,angeltalks,live now! but nobodys there!,fear,06/05/2022
14279,hiracdelest,LOVED &quot;Drag Me To Hell&quot; and &quot;Up&quot;...yeah my Spend the Day Studying plan didn't happen,fear,17/01/2022
38126,Rose_of_Sharon_,"Our God is an awesome God, He is a God of 2nd,30th,100th chances..I give Him ALL the glory for my 2nd chance at 'love'.. Am still stunned",love,04/05/2022
20071,ilanbr,"@MrPhotographic Happy b-day! Just woke up on this side of Earth, so wishes are bit late",neutral,02/01/2022
39582,carter_family,We are having a day 'at home' today - which is proving to be rather lovely,love,21/03/2022
11999,AngryChad,"@BoHeMyth: Very interested. However, low carbs for the next month means no beer for me",sadness,07/01/2022
14152,joAnn_7,just got home and  i got to freakkin clen,neutral,18/03/2022
18375,JustBreathe17,"@wildcurl7888  Well, I still can't wait for the one shot.",happy,20/03/2022
19327,myworldCK,"at work.. missing my miami fam @anywayz, @abigaildsouza, @mrohboy32, carolina, jonathan, @Prtyprincess, @JessDosil &amp;&amp;&amp; more",sadness,19/03/2022
20513,sarahlochelt,loves her some worship papers. and had a fantastic day. the Lord is good. and constantly surprises me.,love,21/01/2022
16864,jasminepotts,@nattymsmith they have nice cakes  why can't I like them? Haha and you should! That's sooo gayy though,love,05/02/2022
21768,zarazombie,@zhayrar whoa rad ! coffee makes me stay up all night,fear,27/04/2022
13441,Umatter2Chtr,@DeliverImHungry You are right.  If you ordered a static IP it should have been set up.  I apologize if it was not,fear,15/03/2022
10400,madelyntrouble,Man i wish i could just bathe in my ice-cold sunkist right now.... But then i'd be sticky,surprise,18/04/2022
4480,candeeezy,@chellemariee I have my 830 class  fuckin school! what time you work wed? if jade comes ima have to get her in antioch at amtrak.,anger,06/01/2022
20084,Beyy,Can't wait for SYTYCD tour with Ashleighhh &amp; Izzayyy,surprise,10/03/2022
8482,tamisawyer,UGH I missed the POTUS @ MY Five Guys!!!! 2 blocks from my house and 3 blocks from my job.  http://www.politico.com/politico44/,fear,27/01/2022
16584,chareh,@lucashardy how are you gonna get them? I got bitten,fear,20/04/2022
29425,Jesusgirl8,Reds win! Great end to a great day,happy,22/02/2022
20693,HannahBaird,is sitting in her nan's bathroom dying her hair for the x factor auditions tomorrow,fear,23/04/2022
11564,asholigee,my phone is dead and my charger is miles away.. @T_S_R  i'll talk to you in august,sadness,14/04/2022
25817,jenn8fer,looking forward to the finale of the RACE next week! Missing my castle girls though... Any and all Race fans welcome to watch chez moi...,happy,27/03/2022
27300,kyjoegirl,"@joeymcintyre when you get your grill taken care of this morning how about a quick shot of the hands.  Don't ask why, just do it",fear,14/03/2022
37004,meteorite16,wishes happy mothers' day to all moms out there.,love,09/01/2022
6955,CagedBirdSing,and because I wasn't having a bad enough time last night my body decided it wanted to be sick,surprise,15/02/2022
17385,sleptwithgiants,just had a falling out with nick,sadness,17/03/2022
35100,MrMailman,@UndeniableQueen ooooo i love pretty feet,love,03/01/2022
36436,michaelmknight,@rebeccao372 Thats ok  Yeah I had a good night thanks. Glad you did too. Hope you enjoy your BBQ,happy,08/05/2022
24515,aprilyim,@mikefoong lol i like challenges  the more impossible the more i want to try!,happy,12/03/2022
32689,TyCody,@IMACLASSIC Hey,sadness,27/02/2022
6267,ladymix,Son of a bitch...my media thing that streams music from home isn't working again  Why can't itunes play music from my iphone,anger,20/01/2022
37470,nicolecoke,@fatinee haha  i did! many times before!,surprise,02/05/2022
8176,ApplePieFriday,Why doesn't McDonald's make PINEAPPLE pies?,surprise,03/02/2022
382,dolphin8772,"got to final table, but....went out third.  Don't think I'll be getting my free seat",fear,09/05/2022
15224,MyrandaLeung,Exam is commmmmiinnnnnggggggg !,neutral,10/05/2022
30639,spot1975,has a little buzz from the epoxy paint,neutral,25/01/2022
39760,andreeaparaschi,And I am off to my sister's to partyyyy!,happy,05/02/2022
25553,Dreaming_awake,@speed_ofsound oooooooooook xD que aproveche (: la cancion esta genial,neutral,27/02/2022
18820,caiitwe,just woke up still fukin sick,fear,29/03/2022
18765,neessssssa,HEY GUYS IT'S WORKING NO NEED TO WORRY. i have tooo many followers tho ...,neutral,31/03/2022
395,neovile,@celldweller Must... have... new music... I won't sleep until you give us Chapter 1... I might die first though...  Hurry!,happy,16/02/2022
3920,b_____,"@KoSoVaR  got a limit sell @ .94 for even pretty much, cover commissions. Didn't like my entry on this one",fear,04/03/2022
25578,MiDesfileNegro,@mcrfash1 cool  what did you get?,surprise,06/01/2022
18357,babinaba,@StephenMulhern I'm absolutely jealous as hell of Brenda,neutral,19/02/2022
20861,doubler2k7,"Monday morning lying in bed instead of working is great, more bank holidays required",happy,16/04/2022
37561,SketchyFletchy,@TzakShrike and I have a gentleman's agreement: Whoever wins the first match (or is it best of three?) pays for the other person's copy.,fear,02/04/2022
18936,Dobarthegreat,Restoring my iPod touch seemed like euthanasia to me. I was willingly killing it.,fear,11/03/2022
36545,HelloLizzi,@ohaiijess that's odd as it's on my lap  maybe that's your cat O: s:,neutral,25/01/2022
17810,mrsjhcrabtree,I guess the relaxing dinner and a movie is out for tonight...I was looking forward to that after my day at work,sadness,18/04/2022
31864,SilknPearls,"@joyntheir going to sleep, falling asleep at keyboard. Talk to Monday  take care! Hugs!",neutral,01/02/2022
36028,elsmit01,@blp2008 lol yep  tell rhonda i said happy mother's day!,happy,02/02/2022
27755,dyannnne,playing machines in actinggg,neutral,25/01/2022
8853,RachelMoseley,1st day of work today was a bit tiring but ok lol now onto college work,fear,28/04/2022
1470,laneymarie7,i cant sleep,fear,09/03/2022
22989,thepi0usatheist,"Dump my boyfriend, find a much much better man and the girl can get a nice knuckle sandwich from moi",fear,16/01/2022
29718,Miss_McKayla,@mileysupportrs1 Definitley Miley,neutral,15/02/2022
20936,MylissaDD,@Retrorewind I loved the song when I first heard it..but THAT video just gave me goosebumps. Thanks for sharing,love,10/01/2022
7461,tknokitten,@Rae4OSU where ya at girlie...haven't heard from you in a while  missing your cheery disposition...LOL,surprise,12/02/2022
13339,harmonybreviews,@Senfaye Me too. I found out about it a little late and couldn't afford it,fear,24/03/2022
34663,mandagoforth,i'm goin to bed now. see ya tomorrow twitter ppl.,neutral,30/04/2022
38430,spoonerist,@SarahJacinta Thanks!,happy,26/02/2022
29253,katsmiles,I have the best Brother-in-law in the World. He just sent me Twilight Blue ray gift set. Now if I only had a blue ray player,sadness,02/02/2022
24087,saragarth,I've just realised - 400 FOLLOWERS! YAY!  xx,happy,14/01/2022
31555,MeelyJonas,loviiing declan,love,08/05/2022
2252,fabgabo,@diane4president visit si fr joemar dito bataan (frm camiguin) &amp; sum of my ofcmates&amp; i are supposed to meet him this saturday  can't luwas,love,14/03/2022
18773,JLap911,my car is broke,fear,12/04/2022
5738,Javyd9,On the road again. I miss my traveling traveling partner,sadness,02/04/2022
26989,FannishInc,"New pic.... Twitter is finally letting me change my pic.  For those that missed it, Fannish Inquisition is now @Fannish please follow",fear,06/05/2022
23370,nessie111,@sucka99 yep 14 days whoop,fear,21/03/2022
6708,erinNarry,"So sorry if i've been typing wrongly. usually, after i've typed something, i wont read. i'll just press the 'enter' button",fear,30/03/2022
25447,windysardjan,@I_Wanna_Be Well who can argue with Gibbs and win? :p Finally.. Someone who knows Gibbs n Tony!,neutral,16/03/2022
25576,captainboo,"@samueltwitt1 You don't get that from Marcus, I must say  #sambradley",neutral,11/03/2022
35735,heyitskc,@lexi_bexi I totally and completely agree,happy,03/02/2022
3764,special_noodles,"@lordlucan i had terrible trouble with 'sp' words as a child, would drop the 's' pider, pade etc, needed lessons. bad memories",anger,08/04/2022
14719,charlievdw,I am in so much pain I really don't feel too good. Couldn't eat my dinner,fear,14/03/2022
2656,ColumbusPirates,we are looking forward to daddy returning from work on Saturday. He's been gone a whole month,happy,06/04/2022
29555,judybangers,@tweevii_1222  awwh i heard from daniel that you were sick. feel better!,fear,25/03/2022
12069,traydadiva,"unopened pack of goat cheese starin me in the face. starving, din not til 6",sadness,06/04/2022
7410,Madkoda,At ihop with the besties..minus one  where's the dr.???? At work of course,neutral,18/02/2022
8658,paintgranny,"@theemptynest  I've had that before...sometimes, they turn into other things; felt is very forgiving. Remould? Cut up and re-form?",sadness,24/02/2022
26358,thxlt,yeah fffff.at lab coming up with super duper iphone real scratching app  http://fffff.at/spinning-vinyl-ipod-app,surprise,17/03/2022
25960,pixeltoys,@sanmiglight whatever pung ! haha.. i dont care. JK,neutral,01/02/2022
30442,trevorjames,@shereenzangana That was fantastic! Thank you,fear,17/02/2022
26900,chilled35,"@Sianz lemons? I'd favour hand grenades, with the pins removed for the cockney shite she produces!",neutral,22/04/2022
34332,xsweetcecix,akissforjersey is amazing&lt;3 sooo soothing.,happy,05/04/2022
15655,hitesh84,#Ajax #php! Just thinking about a concept of autorefresh! @varun_chander made a mistake here,fear,03/01/2022
7024,KasDebartolo,"Going home  but when i get home , BLACK BERRY ! WOO HOO  . . . and get to see presten ! &lt;3",fear,09/02/2022
39251,gattermeier,did it!!  back in pakistan! - http://bkite.com/07kBQ,fear,15/03/2022
28378,miaww28,is enjoying the night with her folks.,neutral,25/04/2022
22195,davenyss,never thought my daughter would want to borrow my clothes... even less that she would suggest that i borrow hers... luckily it didnt fit,fear,19/03/2022
595,FMillan,@prncsztalia why do you hate me!?,sadness,20/03/2022
15332,XxBabisaza25xX,shud realy go 2 bed  proper tired bt cnt b boverd...x,neutral,24/03/2022
6722,hautecouturedol,@lelebaby21 @JazzyFiierce u guys are soo unfair smh...,anger,22/02/2022
31128,SavingEveryday,@HomeBizLiz thats rough. hubby had knee surgery but it did help him in the end. Let us know the results. We'll keep him in our prayers,fear,30/04/2022
17411,ktjune,I feel useless I don't know what to do right now. I'm so bored,fear,24/04/2022
29104,juicycoco189,grecia! its between mood &amp; party! i wanna see him lol but we are going out fershure.,happy,11/04/2022
186,kimchiipanda,but now i have no money for a phone,sadness,26/02/2022
29935,boewatchat,Ada acara menarik lain: Keys to the VIP di channel V. Ttg straight yg dikasih tasks to approach strangers in the crowd.. Hmm,surprise,20/03/2022
25898,cherihegi,"I've come close to astroturf myself, @mgrocki. Save yr $$ - it doesn't drain. Just spray paint yr yard green instead",neutral,08/04/2022
22551,xandraaaa,My mom and my little sister're gonna be back home soooooooooooooooooooooooooooooooon,fear,13/02/2022
8896,jessebebenek4,@alexcox13 shut up  you know what! oll just like zack again then.,neutral,23/01/2022
6568,rkapuaala,@tgtommy the link sent me to a tax relief web page,neutral,28/03/2022
34050,jenlovesthelord,@amygrant Chocolate with peanut butter. One of my favorite combonations,happy,08/05/2022
26965,BeccaxVipx,@sugarghc heyy sweety  how did it go at advanced training? waht r u doing?? *hugz*xxxxxxxxxx,fear,21/03/2022
27631,jacalynrose,@iammandurr your'e a freak,neutral,10/03/2022
1641,zeroseven_,almost 100 cases of swine in australia. hope may still decides to come visits me,neutral,07/04/2022
5118,monkey2939,Had a lovely day yesterday. The weather was great! Now stupid slapton,happy,26/03/2022
10198,iphoscar,"despertando megadespistado, me ire a la u y luego full fin de semana on the beach, saldrï¿½ en wild on!",fear,27/03/2022
6628,lolamarya,I think my book is gone forever... we mourn forever  SHIT!,sadness,03/04/2022
38197,chrismartin7,is relaxing after working on Mothers Day.  Oh well. A good day had.  Hope you are all well,happy,21/03/2022
9160,tacoman667,"@cocoacast I need to move to NY, SanFran, or Seattle to get worth-a-crap internet speeds",love,04/05/2022
11544,candacesmylie,"excited to see &quot;UP&quot; for Logan's Birthday in 2 weeks. Sad he wont have a party bc he doesn't know any kids, tho.",sadness,15/03/2022
22574,MissxMarisa,@Zobi09 The cast of True Blood was there,happy,02/05/2022
12454,FlyGirlMeMe,@TeeRibbzz ok Mr. Man help me out with some followers.....  PLEASEEEEEEEE,fear,27/02/2022
2371,DedeIsnaeni,Don't know who U R anymore!!!,fear,03/03/2022
23418,meglizmiller,@que_day26 YES YES YES! http://snurl.com/hbn90 i used YOUR song in mine,surprise,10/03/2022
31030,poeticstarlet94,I had a great time at the surprise party! We got him good!,surprise,24/02/2022
2457,IvanaE,All of you can have fun tweeting all day while im cleaning hair  LOL,love,07/01/2022
12066,clairewhill,@richardepryor You missed me!  lol,love,13/02/2022
35034,andykleinman,@eavellan that was so much fun! the banana dessert alone is worth the trip to austin! we'll be back soon,surprise,19/04/2022
8848,oddbunny,My car is home. Yay! $613.22 Boo!  I'm paying my mom in installments. I gave her $200 today. I so need to win the lottery. :\,happy,20/01/2022
5111,ckmca,Today is my last day of employment for the next 3.4 years. Here I come graduate school!  Going to miss the action at www.shugartbates.com,fear,22/01/2022
29346,lindsay_power,At TGC concert  good to see old friends and remember the old times!,surprise,11/02/2022
30211,symphorine,thanks !!my real name is nadia,neutral,03/01/2022
7306,TeenDifference,wzzzzzzzzzup?! its derrek! we r just starting band practice. Jayk Skylar is leaving for california today. lucky.,surprise,16/01/2022
16876,DsBabyGirl,@nkangel74 Just ignore it.....and get sum rest...get rid of that headache,neutral,27/04/2022
5840,shinyadornments,@artfirejohn Do you think the bead crumb navigation will return to the new Fusion studios? I really miss that at the top of each item.,neutral,28/02/2022
24949,rachelllouise,@CarlyyOliver goood,neutral,15/03/2022
21119,Eye4Art,COME ON GIVE HER NICE HOME  http://tinyurl.com/dhgkc9,neutral,29/03/2022
25779,sheilarae71,Good Morning Twitter Peeps    What is on your agenda today??,love,06/04/2022
30381,josephcoster,@MSMyPhone I need a code,neutral,02/01/2022
33731,izzatruslan,sape ada paypal USD70 untuk dijual? offer me your best rate..,happy,09/04/2022
23988,chorale,@_Cantus_  all i hear is coffee brewing at my end,neutral,27/03/2022
35830,bmovienightmare,is getting married in Vegas in November by an Elvis impersonator am so happy!!!,love,13/03/2022
35120,Heyyitscassie,Won a gps at post prom,happy,20/03/2022
14959,emilyyprideaux,Gotta love nasty weatherrrrr. @kileyymariee so jealous ur at knotts,happy,26/03/2022
3048,JaneilleForever,"At millys having some yummy asian food! Haha. And listening to let go, such a sad song",sadness,19/01/2022
5294,robnero,"@theguigirl Awwww...thanks!! ;) Unfortunately, everything closes at 4pm in Sweden on a friday. Presentation is 9am Monday.",sadness,01/02/2022
28187,tlb1383,@kristenkey  so true...and so poetic! beautiful,love,29/04/2022
8645,rakie,my trousers are damp.,fear,01/02/2022
30662,princesstimetoy,@chaotic_barb I'm totally with ya.  I blocked the negative from my stream,happy,14/03/2022
25413,wow2000,"@kariannanas hahaha, I was busy, now I see what I replied to you! Yes that is true",happy,06/02/2022
13342,AppleJuice1234,"@FTSKirstin i know he cant be, but idk how long he will be gone. what if he forgets me?  idk im stupid for worring.",fear,20/03/2022
26471,MIMI_loves_YOU,Got 5 new followers yesterday! Yay  Just need 11 more til 50,happy,08/03/2022
23489,yulea,@_xotashhh lmao I KNEW that answer would come from you ^^ oh and that's update numero 200. thanks for that,love,15/03/2022
22066,RClapham,Omg! Star Wars Day!  May the fourth be with you everyone  This calls for me to watch at least 1 film tonight.,surprise,07/03/2022
15703,2cute_2001,@RareCandy I wanna go but my car not here...,sadness,02/02/2022
4068,tonyg2388,"@hellocuppycake yeah, guess we gotta wait til sometime in June",neutral,23/01/2022
35112,sssayuri,"homee from wango tango, i had fun  really tired now. wrapping moms present and passing out. &lt;3",surprise,19/02/2022
32214,Kenetria,HAPPY MOTHERS DAY 2 ME,surprise,26/01/2022
14629,iheartfinn,I wish my sister lived near me,surprise,22/03/2022
6378,mrbradgoreski,@alenadoma apparently a looong time seeing as they seem to be everywhere except LA,surprise,16/01/2022
13392,jessilynnbbyx,I try soo hard toget what I want.. &amp; I always end up having a goose egg..,fear,09/01/2022
37576,Tanziima,Why is it that America celebrates mother's day on a different day to England? Anyhooo...Happy Mother's Day 2 All American Mumzys!  x,anger,22/04/2022
3003,barbsrad,"urgh, my head is banging.",anger,13/02/2022
775,ChenHelen,friends from Traveller's Tales held a farewell party for me but I kinda disappointed them that I would still be here until Sep. My fault.,fear,01/02/2022
15197,ginnamarie,@albanydia Not that funny! I wont jump,fear,14/03/2022
3941,XxxjlsphyscoxxX,is soo bored its lovley day outside but nuttin to do,neutral,13/01/2022
4909,jiggajae,@SoSimplyMe. I'm sitting here with this girl that urk my nerves damm yo,sadness,09/03/2022
23252,paul_steele,"@emnorm ha ha, no, will be thankful i am not dragging them up a mountain today",surprise,21/04/2022
38525,EllieBigBoobs,Good morning everyone,happy,22/04/2022
8676,kimberina,haven't tweeted in like a day.  so here goes...,neutral,18/04/2022
30753,justinowens,@sheasylvia Sometimes I wish Twitter had Facebook's &quot;like&quot; just so I could give you a thumbs up. Great job either way  - I suck too btw,love,29/04/2022
636,bookiedee,@meghanwong don't think i can take a needle. watched a horribly gory short film on drugs a few months ago. i'm scarred for life.,fear,25/03/2022
25800,koniaczek,@robluketic how fun to see what people on the other side of the pond are getting up to right now... thanks so much for sharing!,love,17/02/2022
34552,FishyDave,@touringtenting I don't mind him not paying rent. I'm just over the moon at the idea of him moving out at least 12 years early,happy,21/03/2022
20065,nicsknots,@alibalijeweller I'm come and try to find you and be your fan too,love,21/01/2022
25534,missmei,Planning to run riot in Luton today! BA HAA!  Not reeeally  where's the library in this (skank) town though?,fear,31/01/2022
33878,kekiphoto,"I'm so excited for Mothers Day!  This has been a big year for me &amp; Olivia, and she's finally old enough to be excited &amp; understand!",happy,01/05/2022
13294,kylaosterkamp,Its so hard letting her go and seeing her cry.,fear,19/03/2022
14820,meljq21,@kaydence02 we r the lost troopers. But I want to know,neutral,12/03/2022
17712,angeliquevegas,"When you see me, point and laugh. I'm ugly.",sadness,29/03/2022
10099,tgjerusalem,SHIT I lost my Star Trek ring!    Starfleet Academy class ring w/ Golden Gate Bridge on it.  Got it as high school graduation present.,sadness,08/02/2022
37275,dmuth,"I'm seeing quite a few proto-furries here, now that I think of it.  #acen",happy,26/03/2022
24467,dcno1,is now on twitter.....,neutral,15/03/2022
38945,IIIrifhanIII,Mom ur the greatest.. HMD,love,16/01/2022
14550,micsaund,Didn't realize Animal Kingdom closes so early at 5:00 today. Now I'm stick in the exit traffic,fear,30/01/2022
2825,HalloweeNut,is now going to see his very ill uncle on saturday and the night at his house as even more bad news has come up,fear,12/01/2022
34522,docvonnie,@kidthings yeah it does...i had fun today...i regret not taking that cup now...it was awesome...i must find one just like it now,happy,14/02/2022
9686,jikes,"*uh* totally forgot the gentoo reinstallation  don't know what i should backup. the make.conf, my home and /boot. nothing else..?",fear,21/03/2022
10819,rehtse534,I forgot to complain about Southwest not doing preboard for families any more.  Was the worst part of travelling,sadness,06/04/2022
31113,Adamfyre,Ok. Night sweet people  I'll look for ya tomorrow,love,22/03/2022
3447,cynicalmonkey,signed up for broadband today could take 4-6 weeks,neutral,22/01/2022
21603,CayCap,"@savii313 I am twittering, LIKE A BOSS. Thanks Savvv",happy,06/05/2022
4447,suzannapavelle,"Sold bikes faster than expected, and we are running out of sizes.    Luckily the single speeds are on the ocean now! ETA -  EO June.",happy,04/02/2022
24270,pinkcitygirl,Monday...Funday!  Wake up people...and keep me awake please   Today is going to be a long one..I can already feel it. Eww,anger,16/03/2022
34097,applemacintosh1,I forgot to mention that I am downloading the Fightstar version of Imogen Heap's &quot;Hiide and Seek&quot;  I have about 15 versions of that song!,happy,14/04/2022
13355,stephieGRRL,"@bmoney389 Lmao, when I was camping, the water in the shower was well water and just smelt nasty",fear,25/02/2022
8127,whalemonster,"is suffering from hayfever, is drowsy from too much Piriton, and is heading to bed with the air purifier on",fear,09/03/2022
10867,velmadaria,@weatherthastorm hey Jess where is Josh??,happy,13/03/2022
13247,cakewardrobe,&quot;Up&quot; is all sold out!!,surprise,10/02/2022
16293,BroMoshaholic,when is it gonna be nice out,fear,07/03/2022
17021,cutie213,@souljaboytellem hell yea its hot here  i miss cali,fear,24/01/2022
8148,LauraaKelly,finished the noodles. done the dishwasher. really really warm. i don't like it,sadness,22/01/2022
3930,aNorthernSoul,Why can't I buy the Nokia N97?!? Amazon says &quot;cannot ship to this address.&quot;,surprise,19/02/2022
6038,drummerking8,eating halls cuz i have a sour throte,neutral,01/05/2022
18705,the_mad_1,only 1 person online on MSN. I feel lonely,sadness,01/05/2022
16648,TheDEXpress,Uh-oh...it's becoming grey again out here. I hope it's not one of those &quot;pop-up showers&quot; on the way.,fear,19/03/2022
4852,mokulen22,One lactose pill is not enough for coffee....oopse,neutral,26/02/2022
8927,rondavis007,Just got notified my podcast was accepted into iTunes. http://budurl.com/SBit Of course I then realized it was miss formated  Fixed now.,neutral,02/04/2022
22341,plasmaegg,@purrsikat yeah thought it was awesome - glad to see some characters like Gambit brought back into the fold,happy,05/04/2022
35240,drnormal,"@7thscreen Damn! First Yes, than Frank Zappa...",surprise,22/03/2022
38425,NicholasLoRusso,"ever been in a pointless argument with drunk mum, drunk nan and drunk mums bf while having dinner??? i have.... fun times all round  hahah",happy,07/02/2022
19436,kristinlittle,forgot to renew my drivers license,fear,10/04/2022
18244,JanellChantal,@DirtyDizco Maaan if I was in pain I'd come. I wanna come  eat some 4 me lol *rolls eyes*,anger,10/05/2022
19786,Stacy19999,didn't make it out to shop.......      there is always tomorrow.,surprise,15/04/2022
11386,KatyDidsCards,"@ebay_andy Got it, thanks! I mean really, how rude.",love,23/01/2022
16822,jade_1234,"is watching big brothes big quiz    ,       rather tiredd    , but downloading a dvd so have to wait till finished till i can go to bed",neutral,12/02/2022
4955,pbandzb,Just paid my bills now I have no money,sadness,20/01/2022
14728,vanes,My big mistake for today is falling asleep while i got lots of things to do,fear,28/04/2022
37438,bindymack,in Newcastle enjoying the family  With mum on mother's day for the 1st time in years!,love,11/02/2022
10474,RockChoy,I missed the math trade,sadness,14/03/2022
12025,NiniLouise,Nice days like this make me miss Alki,sadness,05/03/2022
26116,alishaisabel,listening to Demi Lovato  FINISHED MY NEW SONG!,love,08/01/2022
10011,lucianamiho,I need hugs from Joe Jonas,sadness,30/04/2022
16680,joe_g1986,Just saw a trailer for Batman Arkham Asylum and you can play as the Joker. But that's only PS3 exclusive. Damn  That hurt.,sadness,09/05/2022
23260,emmaleeks,@Andreaheartscgh ooo thanks for the danger radio link  loves it...how did the test go?,happy,10/04/2022
5570,watergirl61687,Today seems like it should be a good day! Even though my fuel pump is going out on my car  *~xoxo~*,fear,18/01/2022
25589,Chelsea_Bevans,Does not want to go to school. Oh well. I get out early anyways.,sadness,05/05/2022
29832,kristinemac,"getting ready to go read, pray, and go to bed. Enjoy the rest of the night",happy,17/03/2022
17263,JTrueblood1,@BigEish How?? and who is Mommy??? I want to call but the phone is still broke,fear,04/01/2022
1492,d0ink,"awwww, writing my resume's too difficult XD how do i tell them i've taken 10 different jobs and quit them within the span of two months?",fear,06/04/2022
35832,electrofreeze,"Man, finishing &quot;Operation Anchorage&quot; sure gives you an unfair advantage, loot-wise... I love the stealth field suit and Gauss rifle",happy,25/01/2022
38313,LoveCynthia1,"@queetsss thanks babe. I guess I will find the right person one day, til then I'm better off alone",sadness,29/03/2022
36108,itsmemcee,im such a sucker for great cottys,fear,18/02/2022
10094,VivaLali,ah seriously i dont even work with children some how i am still sick!  groundhog friday just got worse.,fear,29/01/2022
34938,candiedcharcoal,Making yet another attempt to attend church on a Sunday morning!  Looking forward to it y'all.,love,25/01/2022
18058,name_brand,I burneded my tummy,fear,21/02/2022
25692,xVivaLaJuicyx,"@T_DAHSAR Thanxs hun, you too!",neutral,03/02/2022
19743,brettmorrison,@RWPhoto Sadly I think I know exactly were you put it--in the expired drawer   Those things have a life span of less than two years,surprise,29/01/2022
11144,mony06,Its that time again,neutral,23/04/2022
23603,whatdayisit,"says new layout! Back to default Plurk themes, yay. Pero dumugo ilong ko kaka-tweak sa font ha.  http://plurk.com/p/rprmr",neutral,04/04/2022
11493,Megabeth321,Kinda may have chickened out...,happy,15/02/2022
5791,RubyAliceX,im not going to my dads tonight !!!!! and hes got a 12 foot pool  he has to tell me that hes got things when im not going TWAT !!,surprise,28/01/2022
18957,riotgirl88,OMG how sad is The Royle Family where Nana dies  I am sobbing!!!! :*( it's the saddest thing I've ever watched,sadness,16/01/2022
4713,xxshebeexx,totally overstressed ... going to work now ... just want the college work to go away ... i don't wanna fail,fear,25/03/2022
34937,yasinbd,Happy Mothers Day people. i love my mom a lot still,surprise,22/03/2022
33395,omgsage,Looks like i can go see jeffree star afterall. I told my dad he'd hate the music &amp; he said i could go alone,happy,04/04/2022
11864,shouldaj,"WOW, i AM REALLY MiSSiN THE FAM(iLY) TODAY. BADDD.",sadness,19/01/2022
3695,SY94,I am NOT in the mood for a long car drive,anger,09/05/2022
5620,graccee,I wanna leave after 2nd period *cryy*,fear,20/02/2022
13122,maxwasserman,Last official WVBR DJ shift EVER! Sad Day   Listen online at wvbr.com.,fear,01/04/2022
11388,LeManiak,Off to get Bailey's tongue clipped,neutral,20/02/2022
23768,pecial,"unhooking my pt's, then home to SLEEP! SLEEP IS GOOD",love,20/02/2022
21598,zoziekins,@tommcfly You're getting new fans all the time. I wasn't one until November,surprise,16/01/2022
22077,GabiEstefam,"woke up, now having breakfast and online, as every morning (except holidays and weekends), haha. then bath and school!",happy,17/04/2022
33560,erinfinney,there's not many things better than sleeping with my windows open,happy,03/01/2022
39846,kateblogs,@rustycharm Evening  Yorkshire's warm but overcast. How's NZ? Don't tell me - dark lol,fear,09/03/2022
